{
  "test": {
    "roc_auc": 0.94499448482996,
    "pr_auc": 0.7355222242477903,
    "default_threshold": {
      "threshold": 0.7757370341354527,
      "precision": 0.7662337662337663,
      "recall": 0.6276595744680851,
      "f1": 0.6900584795321637,
      "confusion_matrix": {
        "tp": 59,
        "fp": 18,
        "fn": 35,
        "tn": 1583
      }
    }
  },
  "cv": {
    "roc_auc_mean": 0.9286370100783875,
    "roc_auc_std": 0.014543854998136605,
    "pr_auc_mean": 0.7190266176930388,
    "pr_auc_std": 0.0482630799961488
  },
  "data": {
    "n_train": 6776,
    "n_test": 1695,
    "positive_rate": 0.05560146381773108,
    "scale_pos_weight": 16.97347480106101
  },
  "model": {
    "type": "CatBoostClassifier",
    "best_iteration": 100,
    "params": {
      "iterations": 2000,
      "depth": 6,
      "learning_rate": 0.03,
      "l2_leaf_reg": 5.0,
      "min_data_in_leaf": 20,
      "early_stopping_rounds": 80
    }
  },
  "targets": {
    "precision_target": 0.75,
    "recall_target": 0.7,
    "precision_target_met": true,
    "recall_target_met": false
  }
}