{
  "default": "balanced",
  "balanced": {
    "threshold": 0.7757370341354527,
    "precision": 0.7662337662337663,
    "recall": 0.6276595744680851,
    "f1": 0.6900584795316685
  },
  "high_precision": {
    "threshold": 0.7747431228946225,
    "precision": 0.7564102564102564,
    "recall": 0.6276595744680851,
    "f1": 0.6860465116274113
  },
  "high_recall": {
    "threshold": 0.6723725437185811,
    "precision": 0.6226415094339622,
    "recall": 0.7021276595744681,
    "f1": 0.6599999999995019
  },
  "target_precision": 0.75,
  "target_recall": 0.7
}